name,category,keywords,library,import_code,usage,best_for,style
list,Navigation,hamburger menu navigation toggle bars,Phosphor,import { List } from '@phosphor-icons/react',"<List size={20} weight=""regular"" />",Mobile navigation drawer toggle sidebar,Outline
arrow-left,Navigation,back previous return navigate,Phosphor,import { ArrowLeft } from '@phosphor-icons/react',"<ArrowLeft size={20} weight=""regular"" />",Back button breadcrumb navigation,Outline
arrow-right,Navigation,next forward continue navigate,Phosphor,import { ArrowRight } from '@phosphor-icons/react',"<ArrowRight size={20} weight=""regular"" />",Forward button next step CTA,Outline
caret-down,Navigation,dropdown expand accordion select,Phosphor,import { CaretDown } from '@phosphor-icons/react',"<CaretDown size={20} weight=""regular"" />",Dropdown toggle accordion header,Outline
caret-up,Navigation,collapse close accordion minimize,Phosphor,import { CaretUp } from '@phosphor-icons/react',"<CaretUp size={20} weight=""regular"" />",Accordion collapse minimize,Outline
house,Navigation,homepage main dashboard start,Phosphor,import { House } from '@phosphor-icons/react',"<House size={20} weight=""regular"" />",Home navigation main page,Outline
x,Navigation,close cancel dismiss remove exit,Phosphor,import { X } from '@phosphor-icons/react',"<X size={20} weight=""regular"" />",Modal close dismiss button,Outline
arrow-square-out,Navigation,open new tab external link,Phosphor,import { ArrowSquareOut } from '@phosphor-icons/react',"<ArrowSquareOut size={20} weight=""regular"" />",External link indicator,Outline
plus,Action,add create new insert,Phosphor,import { Plus } from '@phosphor-icons/react',"<Plus size={20} weight=""regular"" />",Add button create new item,Outline
minus,Action,remove subtract decrease delete,Phosphor,import { Minus } from '@phosphor-icons/react',"<Minus size={20} weight=""regular"" />",Remove item quantity decrease,Outline
trash,Action,delete remove discard bin,Phosphor,import { Trash } from '@phosphor-icons/react',"<Trash size={20} weight=""regular"" />",Delete action destructive,Outline
pencil-simple,Action,pencil modify change update,Phosphor,import { PencilSimple } from '@phosphor-icons/react',"<PencilSimple size={20} weight=""regular"" />",Edit button modify content,Outline
floppy-disk,Action,disk store persist save,Phosphor,import { FloppyDisk } from '@phosphor-icons/react',"<FloppyDisk size={20} weight=""regular"" />",Save button persist changes,Outline
download-simple,Action,export save file download,Phosphor,import { DownloadSimple } from '@phosphor-icons/react',"<DownloadSimple size={20} weight=""regular"" />",Download file export,Outline
upload-simple,Action,import file attach upload,Phosphor,import { UploadSimple } from '@phosphor-icons/react',"<UploadSimple size={20} weight=""regular"" />",Upload file import,Outline
copy,Action,duplicate clipboard paste,Phosphor,import { Copy } from '@phosphor-icons/react',"<Copy size={20} weight=""regular"" />",Copy to clipboard,Outline
share,Action,social distribute send,Phosphor,import { Share } from '@phosphor-icons/react',"<Share size={20} weight=""regular"" />",Share button social,Outline
magnifying-glass,Action,find lookup filter query,Phosphor,import { MagnifyingGlass } from '@phosphor-icons/react',"<MagnifyingGlass size={20} weight=""regular"" />",Search input bar,Outline
funnel,Action,sort refine narrow options,Phosphor,import { Funnel } from '@phosphor-icons/react',"<Funnel size={20} weight=""regular"" />",Filter dropdown sort,Outline
gear,Action,gear cog preferences config,Phosphor,import { Gear } from '@phosphor-icons/react',"<Gear size={20} weight=""regular"" />",Settings page configuration,Outline
check,Status,success done complete verified,Phosphor,import { Check } from '@phosphor-icons/react',"<Check size={20} weight=""regular"" />",Success state checkmark,Outline
check-circle,Status,success verified approved complete,Phosphor,import { CheckCircle } from '@phosphor-icons/react',"<CheckCircle size={20} weight=""regular"" />",Success badge verified,Outline
x-circle,Status,error failed cancel rejected,Phosphor,import { XCircle } from '@phosphor-icons/react',"<XCircle size={20} weight=""regular"" />",Error state failed,Outline
warning,Status,warning caution attention danger,Phosphor,import { Warning } from '@phosphor-icons/react',"<Warning size={20} weight=""regular"" />",Warning message caution,Outline
warning-circle,Status,info notice information help,Phosphor,import { WarningCircle } from '@phosphor-icons/react',"<WarningCircle size={20} weight=""regular"" />",Info notice alert,Outline
info,Status,information help tooltip details,Phosphor,import { Info } from '@phosphor-icons/react',"<Info size={20} weight=""regular"" />",Information tooltip help,Outline
circle-notch,Status,loading spinner processing wait,Phosphor,import { CircleNotch } from '@phosphor-icons/react',"<CircleNotch size={20} weight=""regular"" className=""animate-spin"" />",Loading state spinner,Outline
clock,Status,time schedule pending wait,Phosphor,import { Clock } from '@phosphor-icons/react',"<Clock size={20} weight=""regular"" />",Pending time schedule,Outline
envelope,Communication,email message inbox letter,Phosphor,import { Envelope } from '@phosphor-icons/react',"<Envelope size={20} weight=""regular"" />",Email contact inbox,Outline
chat-circle,Communication,chat comment bubble conversation,Phosphor,import { ChatCircle } from '@phosphor-icons/react',"<ChatCircle size={20} weight=""regular"" />",Chat comment message,Outline
phone,Communication,call mobile telephone contact,Phosphor,import { Phone } from '@phosphor-icons/react',"<Phone size={20} weight=""regular"" />",Phone contact call,Outline
paper-plane-tilt,Communication,submit dispatch message airplane,Phosphor,import { PaperPlaneTilt } from '@phosphor-icons/react',"<PaperPlaneTilt size={20} weight=""regular"" />",Send message submit,Outline
bell,Communication,notification alert ring reminder,Phosphor,import { Bell } from '@phosphor-icons/react',"<Bell size={20} weight=""regular"" />",Notification bell alert,Outline
user,User,profile account person avatar,Phosphor,import { User } from '@phosphor-icons/react',"<User size={20} weight=""regular"" />",User profile account,Outline
users,User,team group people members,Phosphor,import { Users } from '@phosphor-icons/react',"<Users size={20} weight=""regular"" />",Team group members,Outline
user-plus,User,add invite new member,Phosphor,import { UserPlus } from '@phosphor-icons/react',"<UserPlus size={20} weight=""regular"" />",Add user invite,Outline
sign-in,User,signin authenticate enter,Phosphor,import { SignIn } from '@phosphor-icons/react',"<SignIn size={20} weight=""regular"" />",Login signin,Outline
sign-out,User,signout exit leave logout,Phosphor,import { SignOut } from '@phosphor-icons/react',"<SignOut size={20} weight=""regular"" />",Logout signout,Outline
image,Media,photo picture gallery thumbnail,Phosphor,import { Image } from '@phosphor-icons/react',"<Image size={20} weight=""regular"" />",Image photo gallery,Outline
video,Media,movie film play record,Phosphor,import { Video } from '@phosphor-icons/react',"<Video size={20} weight=""regular"" />",Video player media,Outline
play,Media,start video audio media,Phosphor,import { Play } from '@phosphor-icons/react',"<Play size={20} weight=""regular"" />",Play button video audio,Outline
pause,Media,stop halt video audio,Phosphor,import { Pause } from '@phosphor-icons/react',"<Pause size={20} weight=""regular"" />",Pause button media,Outline
speaker-high,Media,sound audio speaker music,Phosphor,import { SpeakerHigh } from '@phosphor-icons/react',"<SpeakerHigh size={20} weight=""regular"" />",Volume audio sound,Outline
microphone,Media,microphone record voice audio,Phosphor,import { Microphone } from '@phosphor-icons/react',"<Microphone size={20} weight=""regular"" />",Microphone voice record,Outline
camera,Media,photo capture snapshot picture,Phosphor,import { Camera } from '@phosphor-icons/react',"<Camera size={20} weight=""regular"" />",Camera photo capture,Outline
shopping-cart,Commerce,cart checkout basket buy,Phosphor,import { ShoppingCart } from '@phosphor-icons/react',"<ShoppingCart size={20} weight=""regular"" />",Shopping cart e-commerce,Outline
shopping-bag,Commerce,purchase buy store bag,Phosphor,import { ShoppingBag } from '@phosphor-icons/react',"<ShoppingBag size={20} weight=""regular"" />",Shopping bag purchase,Outline
credit-card,Commerce,payment card checkout stripe,Phosphor,import { CreditCard } from '@phosphor-icons/react',"<CreditCard size={20} weight=""regular"" />",Payment credit card,Outline
currency-dollar,Commerce,money price currency cost,Phosphor,import { CurrencyDollar } from '@phosphor-icons/react',"<CurrencyDollar size={20} weight=""regular"" />",Price money currency,Outline
tag,Commerce,label price discount sale,Phosphor,import { Tag } from '@phosphor-icons/react',"<Tag size={20} weight=""regular"" />",Price tag label,Outline
gift,Commerce,present reward bonus offer,Phosphor,import { Gift } from '@phosphor-icons/react',"<Gift size={20} weight=""regular"" />",Gift reward offer,Outline
percent,Commerce,discount sale offer promo,Phosphor,import { Percent } from '@phosphor-icons/react',"<Percent size={20} weight=""regular"" />",Discount percentage sale,Outline
chart-bar,Data,analytics statistics graph metrics,Phosphor,import { ChartBar } from '@phosphor-icons/react',"<ChartBar size={20} weight=""regular"" />",Bar chart analytics,Outline
chart-pie,Data,statistics distribution breakdown,Phosphor,import { ChartPie } from '@phosphor-icons/react',"<ChartPie size={20} weight=""regular"" />",Pie chart distribution,Outline
trend-up,Data,growth increase positive trend,Phosphor,import { TrendUp } from '@phosphor-icons/react',"<TrendUp size={20} weight=""regular"" />",Growth trend positive,Outline
trend-down,Data,decline decrease negative trend,Phosphor,import { TrendDown } from '@phosphor-icons/react',"<TrendDown size={20} weight=""regular"" />",Decline trend negative,Outline
activity,Data,pulse heartbeat monitor live,Phosphor,import { Activity } from '@phosphor-icons/react',"<Activity size={20} weight=""regular"" />",Activity monitor pulse,Outline
database,Data,storage server data backend,Phosphor,import { Database } from '@phosphor-icons/react',"<Database size={20} weight=""regular"" />",Database storage,Outline
file,Files,document page paper doc,Phosphor,import { File } from '@phosphor-icons/react',"<File size={20} weight=""regular"" />",File document,Outline
file-text,Files,document text page article,Phosphor,import { FileText } from '@phosphor-icons/react',"<FileText size={20} weight=""regular"" />",Text document article,Outline
folder,Files,directory organize group files,Phosphor,import { Folder } from '@phosphor-icons/react',"<Folder size={20} weight=""regular"" />",Folder directory,Outline
folder-open,Files,expanded browse files view,Phosphor,import { FolderOpen } from '@phosphor-icons/react',"<FolderOpen size={20} weight=""regular"" />",Open folder browse,Outline
paperclip,Files,attachment attach file link,Phosphor,import { Paperclip } from '@phosphor-icons/react',"<Paperclip size={20} weight=""regular"" />",Attachment paperclip,Outline
link,Files,url hyperlink chain connect,Phosphor,import { Link } from '@phosphor-icons/react',"<Link size={20} weight=""regular"" />",Link URL hyperlink,Outline
clipboard,Files,paste copy buffer notes,Phosphor,import { Clipboard } from '@phosphor-icons/react',"<Clipboard size={20} weight=""regular"" />",Clipboard paste,Outline
grid-four,Layout,tiles gallery layout dashboard,Phosphor,import { GridFour } from '@phosphor-icons/react',"<GridFour size={20} weight=""regular"" />",Grid layout gallery,Outline
list-bullets,Layout,rows table lines items,Phosphor,import { ListBullets } from '@phosphor-icons/react',"<ListBullets size={20} weight=""regular"" />",List view rows,Outline
columns,Layout,layout split dual sidebar,Phosphor,import { Columns } from '@phosphor-icons/react',"<Columns size={20} weight=""regular"" />",Column layout split,Outline
arrows-out,Layout,fullscreen expand enlarge zoom,Phosphor,import { ArrowsOut } from '@phosphor-icons/react',"<ArrowsOut size={20} weight=""regular"" />",Fullscreen maximize,Outline
arrows-in,Layout,reduce shrink collapse exit,Phosphor,import { ArrowsIn } from '@phosphor-icons/react',"<ArrowsIn size={20} weight=""regular"" />",Minimize reduce,Outline
sidebar,Layout,panel drawer navigation menu,Phosphor,import { Sidebar } from '@phosphor-icons/react',"<Sidebar size={20} weight=""regular"" />",Sidebar panel,Outline
heart,Social,like love favorite wishlist,Phosphor,import { Heart } from '@phosphor-icons/react',"<Heart size={20} weight=""regular"" />",Like favorite love,Outline
star,Social,rating review favorite bookmark,Phosphor,import { Star } from '@phosphor-icons/react',"<Star size={20} weight=""regular"" />",Star rating favorite,Outline
thumbs-up,Social,like approve agree positive,Phosphor,import { ThumbsUp } from '@phosphor-icons/react',"<ThumbsUp size={20} weight=""regular"" />",Like approve thumb,Outline
thumbs-down,Social,dislike disapprove disagree negative,Phosphor,import { ThumbsDown } from '@phosphor-icons/react',"<ThumbsDown size={20} weight=""regular"" />",Dislike disapprove,Outline
bookmark,Social,save later favorite mark,Phosphor,import { Bookmark } from '@phosphor-icons/react',"<Bookmark size={20} weight=""regular"" />",Bookmark save,Outline
flag,Social,report mark important highlight,Phosphor,import { Flag } from '@phosphor-icons/react',"<Flag size={20} weight=""regular"" />",Flag report,Outline
device-mobile,Device,mobile phone device touch,Phosphor,import { DeviceMobile } from '@phosphor-icons/react',"<DeviceMobile size={20} weight=""regular"" />",Mobile smartphone,Outline
device-tablet,Device,ipad device touch screen,Phosphor,import { DeviceTablet } from '@phosphor-icons/react',"<DeviceTablet size={20} weight=""regular"" />",Tablet device,Outline
monitor,Device,desktop screen computer display,Phosphor,import { Monitor } from '@phosphor-icons/react',"<Monitor size={20} weight=""regular"" />",Desktop monitor,Outline
laptop,Device,notebook computer portable device,Phosphor,import { Laptop } from '@phosphor-icons/react',"<Laptop size={20} weight=""regular"" />",Laptop computer,Outline
printer,Device,print document output paper,Phosphor,import { Printer } from '@phosphor-icons/react',"<Printer size={20} weight=""regular"" />",Printer print,Outline
lock,Security,secure password protected private,Phosphor,import { Lock } from '@phosphor-icons/react',"<Lock size={20} weight=""regular"" />",Lock secure,Outline
lock-open,Security,open access unsecure public,Phosphor,import { LockOpen } from '@phosphor-icons/react',"<LockOpen size={20} weight=""regular"" />",Unlock open,Outline
shield,Security,protection security safe guard,Phosphor,import { Shield } from '@phosphor-icons/react',"<Shield size={20} weight=""regular"" />",Shield protection,Outline
key,Security,password access unlock login,Phosphor,import { Key } from '@phosphor-icons/react',"<Key size={20} weight=""regular"" />",Key password,Outline
eye,Security,view show visible password,Phosphor,import { Eye } from '@phosphor-icons/react',"<Eye size={20} weight=""regular"" />",Show password view,Outline
eye-slash,Security,hide invisible password hidden,Phosphor,import { EyeSlash } from '@phosphor-icons/react',"<EyeSlash size={20} weight=""regular"" />",Hide password,Outline
map-pin,Location,location marker place address,Phosphor,import { MapPin } from '@phosphor-icons/react',"<MapPin size={20} weight=""regular"" />",Location pin marker,Outline
map,Location,directions navigate geography location,Phosphor,import { Map } from '@phosphor-icons/react',"<Map size={20} weight=""regular"" />",Map directions,Outline
compass,Location,compass direction pointer arrow,Phosphor,import { Compass } from '@phosphor-icons/react',"<Compass size={20} weight=""regular"" />",Navigation compass,Outline
globe,Location,world international global web,Phosphor,import { Globe } from '@phosphor-icons/react',"<Globe size={20} weight=""regular"" />",Globe world,Outline
calendar,Time,date schedule event appointment,Phosphor,import { Calendar } from '@phosphor-icons/react',"<Calendar size={20} weight=""regular"" />",Calendar date,Outline
arrows-clockwise,Time,reload sync update refresh,Phosphor,import { ArrowsClockwise } from '@phosphor-icons/react',"<ArrowsClockwise size={20} weight=""regular"" />",Refresh reload,Outline
arrow-counter-clockwise,Time,undo back revert history,Phosphor,import { ArrowCounterClockwise } from '@phosphor-icons/react',"<ArrowCounterClockwise size={20} weight=""regular"" />",Undo revert,Outline
arrow-clockwise,Time,redo forward repeat history,Phosphor,import { ArrowClockwise } from '@phosphor-icons/react',"<ArrowClockwise size={20} weight=""regular"" />",Redo forward,Outline
code,Development,develop programming syntax html,Phosphor,import { Code } from '@phosphor-icons/react',"<Code size={20} weight=""regular"" />",Code development,Outline
terminal,Development,console cli command shell,Phosphor,import { Terminal } from '@phosphor-icons/react',"<Terminal size={20} weight=""regular"" />",Terminal console,Outline
git-branch,Development,version control branch merge,Phosphor,import { GitBranch } from '@phosphor-icons/react',"<GitBranch size={20} weight=""regular"" />",Git branch,Outline
github-logo,Development,repository code open source,Phosphor,import { GithubLogo } from '@phosphor-icons/react',"<GithubLogo size={20} weight=""regular"" />",GitHub repository,Outline
bold-typography-icon-system,Style Config,"bold typography, editorial, mono label, phosphor, weight regular, minimal, icon+label required, size 20–32",Phosphor (react-native),import { ArrowRight } from 'phosphor-react-native',"<ArrowRight size={20} weight=""regular"" color={colors.accent} />","Bold Typography Mobile style: weight=""regular"". Size 20px for UI controls, 32px for feature anchors. Icons MUST be paired with a Mono-stack text label (JetBrains Mono). Standalone icons only allowed for standard navigation (e.g., Back arrow). Accent color #FF3D00 only.",Outline
cyberpunk-icon-system,Style Config,"cyberpunk, neon, glow, hud, phosphor, weight regular, accent glow, dark, angular, react native",Phosphor (react-native),import { Lightning } from 'phosphor-react-native',"<Lightning size={24} weight=""regular"" color={colors.accent} />","Cyberpunk Mobile HUD style: weight=""regular"", color={colors.accent} (#00FF88 Matrix Green). Wrap every icon in a View with shadowColor: colors.accent / shadowOpacity: 0.6 / shadowRadius: 8 to simulate neon glow. Use borderRadius: 0 on wrapper. Avoid rounded icon containers. Always pair icon with data label in JetBrains Mono.",Outline
academia-icon-system,Style Config,"academia, library, brass, ornate, phosphor, weight thin, muted warm, scholarly, mobile",Phosphor (react-native),import { BookOpen } from 'phosphor-react-native',"<BookOpen size={22} weight=""thin"" color={colors.brass} />","Academia (Scholarly Mobile) style: weight=""thin"" (thin engraved feel), color={colors.brass} (#C9A962). No sharp geometric or tech-inspired icons. Prefer book, scroll, key, quill-type icon metaphors. Wrap in circular View with 1px brass border. Avoid neon or saturated colored icons. All icon-only navigation must have an accessibilityLabel.",Outline
web3-bitcoin-icon-system,Style Config,"web3, bitcoin, defi, crypto, neon orange, holographic, blurview, phosphor, glow, fintech mobile",Phosphor (react-native),import { TrendUp } from 'phosphor-react-native',"<TrendUp size={24} weight=""regular"" color={colors.bitcoinOrange} />","Bitcoin DeFi Mobile style: weight=""regular"", color={colors.bitcoinOrange} (#F7931A). Wrap icons in circular BlurView (intensity: 20) with 1px borderColor: '#F7931A' border (Holographic Node effect). shadowColor: '#F7931A' / shadowOpacity: 0.4 / shadowRadius: 8. Prefer finance/data icons (TrendUp, Wallet, Shield, Layers). All data icons use JetBrains Mono label.",Outline
icon-fallback-rules,Guideline,"icon fallback, phosphor, heroicons, any icon, extended set",Phosphor (primary) + Heroicons (fallback),Primary: import { IconName } from '@phosphor-icons/react'. Fallback: import { IconName } from '@heroicons/react/24/outline' or '@heroicons/react/24/solid'.,当默认列表中没有合适图标时：优先继续从 Phosphor 中选择任何语义更贴切的图标（不必局限于本表列出的图标）。若 Phosphor 也无合适图标，可以改用 Heroicons，并在 UI 代码中保持风格统一（线性或填充、圆角程度、笔画粗细等）。,Icon library strategy and fallback rules,Outline
